invoice_id,customer_id,invoice_date,due_date,invoice_amount,currency,payment_status
INV0001,C0001,2024-01-08,2024-02-07,18500,PLN,Paid
INV0002,C0001,2024-02-15,2024-03-16,22400,PLN,Paid
INV0003,C0001,2024-04-03,2024-05-03,31200,PLN,Overdue
INV0004,C0002,2024-01-12,2024-02-11,8900,PLN,Paid
INV0005,C0002,2024-03-20,2024-04-19,12600,PLN,Paid
INV0006,C0003,2024-01-05,2024-02-04,185000,PLN,Paid
INV0007,C0003,2024-03-10,2024-04-09,240000,PLN,Paid
INV0008,C0003,2024-05-01,2024-05-31,315000,EUR,Paid
INV0009,C0004,2024-02-01,2024-03-02,14700,PLN,Overdue
INV0010,C0004,2024-04-12,2024-05-12,9800,PLN,Paid
INV0011,C0005,2024-01-18,2024-02-17,420000,PLN,Paid
INV0012,C0005,2024-03-22,2024-04-21,510000,PLN,Paid
INV0013,C0006,2024-02-04,2024-03-05,87000,PLN,Paid
INV0014,C0006,2024-04-15,2024-05-15,132000,PLN,Overdue
INV0015,C0007,2024-01-10,2024-02-09,375000,PLN,Paid
INV0016,C0007,2024-02-28,2024-03-29,460000,PLN,Paid
INV0017,C0008,2024-03-11,2024-04-10,5400,PLN,Open
INV0018,C0009,2024-01-25,2024-02-24,26000,PLN,Paid
INV0019,C0009,2024-05-05,2024-06-04,43000,PLN,Overdue
INV0020,C0010,2024-02-16,2024-03-17,18500,CZK,Paid
INV0021,C0011,2024-01-20,2024-02-19,7600,PLN,Paid
INV0022,C0012,2024-02-05,2024-03-06,285000,PLN,Paid
INV0023,C0012,2024-04-01,2024-05-01,410000,PLN,Paid
INV0024,C0014,2024-01-11,2024-02-10,620000,PLN,Paid
INV0025,C0014,2024-03-14,2024-04-13,710000,PLN,Overdue
INV0026,C0016,2024-02-19,2024-03-20,560000,EUR,Paid
INV0027,C0016,2024-05-03,2024-06-02,630000,EUR,Paid
INV0028,C0018,2024-01-30,2024-02-29,92000,PLN,Paid
INV0029,C0019,2024-03-09,2024-04-08,11400,PLN,Paid
INV0030,C0020,2024-02-13,2024-03-14,390000,PLN,Paid
INV0031,C0020,2024-05-20,2024-06-19,470000,PLN,Open
INV0032,C0021,2024-01-17,2024-02-16,15300,PLN,Paid
INV0033,C0022,2024-03-02,2024-04-01,350000,PLN,Paid
INV0034,C0023,2024-04-11,2024-05-11,28000,PLN,Overdue
INV0035,C0024,2024-02-07,2024-03-08,35000,PLN,Paid
INV0036,C0025,2024-01-14,2024-02-13,260000,PLN,Paid
INV0037,C0025,2024-04-18,2024-05-18,390000,PLN,Paid
INV0038,C0028,2024-03-21,2024-04-20,12500,PLN,Paid
INV0039,C0029,2024-02-09,2024-03-10,510000,PLN,Paid
INV0040,C0030,2024-01-29,2024-02-28,175000,PLN,Overdue
INV0041,C0032,2024-03-05,2024-04-04,750000,EUR,Paid
INV0042,C0033,2024-04-06,2024-05-06,32000,PLN,Paid
INV0043,C0035,2024-01-22,2024-02-21,240000,PLN,Paid
INV0044,C0037,2024-02-27,2024-03-28,460000,CZK,Paid
INV0045,C0039,2024-03-18,2024-04-17,390000,PLN,Paid
INV0046,C0041,2024-05-02,2024-06-01,280000,PLN,Open
INV0047,C0043,2024-01-07,2024-02-06,820000,PLN,Paid
INV0048,C0044,2024-02-14,2024-03-15,11200,PLN,Paid
INV0049,C0047,2024-03-25,2024-04-24,510000,PLN,Paid
INV0050,C0049,2024-01-31,2024-03-01,320000,PLN,Paid
INV0051,C0050,2024-04-10,2024-05-10,145000,PLN,Overdue
INV0052,C0052,2024-02-21,2024-03-22,370000,PLN,Paid
INV0053,C0054,2024-03-07,2024-04-06,220000,PLN,Paid
INV0054,C0055,2024-05-15,2024-06-14,27000,PLN,Paid
INV0055,C0058,2024-01-19,2024-02-18,680000,PLN,Paid
INV0056,C0059,2024-02-26,2024-03-27,290000,PLN,Overdue
INV0057,C0061,2024-03-12,2024-04-11,610000,PLN,Paid
INV0058,C0063,2024-04-22,2024-05-22,430000,PLN,Paid
INV0059,C0065,2024-01-15,2024-02-14,310000,PLN,Paid
INV0060,C0067,2024-05-08,2024-06-07,540000,CZK,Paid
INV0061,C0069,2024-02-12,2024-03-13,490000,PLN,Paid
INV0062,C0072,2024-03-16,2024-04-15,720000,PLN,Paid
INV0063,C0074,2024-01-28,2024-02-27,210000,PLN,Overdue
INV0064,C0076,2024-04-03,2024-05-03,340000,PLN,Paid
INV0065,C0078,2024-02-17,2024-03-18,270000,PLN,Paid
INV0066,C0080,2024-03-28,2024-04-27,390000,PLN,Paid
INV0067,C0082,2024-01-09,2024-02-08,870000,PLN,Paid
INV0068,C0084,2024-05-01,2024-05-31,520000,PLN,Open
INV0069,C0085,2024-02-23,2024-03-24,36000,PLN,Paid
INV0070,C0087,2024-03-30,2024-04-29,650000,PLN,Paid
INV0071,C0089,2024-01-16,2024-02-15,280000,PLN,Paid
INV0072,C0091,2024-04-07,2024-05-07,260000,PLN,Overdue
INV0073,C0093,2024-02-06,2024-03-07,740000,PLN,Paid
INV0074,C0095,2024-03-19,2024-04-18,810000,PLN,Paid
INV0075,C0097,2024-05-11,2024-06-10,230000,CZK,Paid
INV0076,C0099,2024-01-23,2024-02-22,310000,PLN,Paid
INV0077,C0013,2024-04-13,2024-05-13,9200,PLN,Open
INV0078,C0017,2024-02-03,2024-03-04,17500,PLN,Paid
INV0079,C0026,2024-05-19,2024-06-18,4300,PLN,Paid
INV0080,C0034,2024-03-06,2024-04-05,6800,PLN,Paid
INV0081,C0038,2024-04-27,2024-05-27,7600,PLN,Overdue
INV0082,C0046,2024-02-25,2024-03-26,15400,PLN,Paid
INV0083,C0053,2024-03-13,2024-04-12,12200,PLN,Paid
INV0084,C0057,2024-05-05,2024-06-04,5100,PLN,Paid
INV0085,C0060,2024-01-27,2024-02-26,21000,PLN,Paid
INV0086,C0062,2024-04-16,2024-05-16,18500,PLN,Paid
INV0087,C0064,2024-03-23,2024-04-22,6200,PLN,Open
INV0088,C0066,2024-02-08,2024-03-09,14200,PLN,Paid
INV0089,C0071,2024-05-07,2024-06-06,4800,PLN,Paid
INV0090,C0073,2024-01-13,2024-02-12,9600,PLN,Paid
INV0091,C0077,2024-03-29,2024-04-28,22000,PLN,Paid
INV0092,C0079,2024-04-19,2024-05-19,7300,PLN,Paid
INV0093,C0081,2024-02-20,2024-03-21,15600,PLN,Overdue
INV0094,C0083,2024-05-14,2024-06-13,18400,PLN,Paid
INV0095,C0086,2024-03-17,2024-04-16,5900,PLN,Paid
INV0096,C0088,2024-01-26,2024-02-25,8700,PLN,Paid
INV0097,C0090,2024-04-09,2024-05-09,23000,PLN,Paid
INV0098,C0092,2024-05-22,2024-06-21,17500,PLN,Open
INV0099,C0094,2024-02-11,2024-03-12,7100,PLN,Paid
INV0100,C0098,2024-03-24,2024-04-23,26000,PLN,Paid