repayment_id,invoice_id,repayment_date,repayment_amount,payment_method
PAY0001,INV0001,2024-02-05,18500,Bank Transfer
PAY0002,INV0002,2024-03-18,22400,Bank Transfer
PAY0003,INV0003,2024-06-02,31200,Bank Transfer
PAY0004,INV0004,2024-02-08,8900,Bank Transfer
PAY0005,INV0005,2024-04-10,12600,SEPA
PAY0006,INV0006,2024-02-01,185000,Bank Transfer
PAY0007,INV0007,2024-04-05,240000,Bank Transfer
PAY0008,INV0008,2024-05-28,315000,SEPA
PAY0009,INV0009,2024-03-25,14700,Bank Transfer
PAY0010,INV0010,2024-05-08,9800,Bank Transfer
PAY0011,INV0011,2024-02-12,420000,SEPA
PAY0012,INV0012,2024-04-19,510000,Bank Transfer
PAY0013,INV0013,2024-03-01,87000,Bank Transfer
PAY0014,INV0014,2024-06-01,132000,Bank Transfer
PAY0015,INV0015,2024-02-07,375000,SEPA
PAY0016,INV0016,2024-03-27,460000,Bank Transfer
PAY0017,INV0018,2024-02-22,26000,Bank Transfer
PAY0018,INV0019,2024-07-01,43000,Bank Transfer
PAY0019,INV0020,2024-03-15,18500,Bank Transfer
PAY0020,INV0021,2024-02-18,7600,Card
PAY0021,INV0022,2024-03-04,285000,Bank Transfer
PAY0022,INV0023,2024-05-05,410000,Bank Transfer
PAY0023,INV0024,2024-02-09,620000,SEPA
PAY0024,INV0025,2024-05-20,710000,Bank Transfer
PAY0025,INV0026,2024-03-18,560000,SEPA
PAY0026,INV0027,2024-06-01,630000,SEPA
PAY0027,INV0028,2024-02-26,92000,Bank Transfer
PAY0028,INV0029,2024-04-07,11400,Bank Transfer
PAY0029,INV0030,2024-03-10,390000,Bank Transfer
PAY0030,INV0032,2024-02-14,15300,Bank Transfer
PAY0031,INV0033,2024-04-03,350000,SEPA
PAY0032,INV0034,2024-06-12,28000,Bank Transfer
PAY0033,INV0035,2024-03-06,35000,Bank Transfer
PAY0034,INV0036,2024-02-11,260000,SEPA
PAY0035,INV0037,2024-05-14,390000,Bank Transfer
PAY0036,INV0038,2024-04-18,12500,Bank Transfer
PAY0037,INV0039,2024-03-05,510000,SEPA
PAY0038,INV0040,2024-05-25,175000,Bank Transfer
PAY0039,INV0041,2024-04-01,750000,SEPA
PAY0040,INV0042,2024-05-02,32000,Bank Transfer
PAY0041,INV0043,2024-02-20,240000,Bank Transfer
PAY0042,INV0044,2024-03-25,460000,SEPA
PAY0043,INV0045,2024-04-20,390000,Bank Transfer
PAY0044,INV0047,2024-02-03,820000,Bank Transfer
PAY0045,INV0048,2024-03-13,11200,Bank Transfer
PAY0046,INV0049,2024-04-20,510000,SEPA
PAY0047,INV0050,2024-02-27,320000,Bank Transfer
PAY0048,INV0051,2024-06-05,145000,Bank Transfer
PAY0049,INV0052,2024-03-20,370000,SEPA
PAY0050,INV0053,2024-04-04,220000,Bank Transfer
PAY0051,INV0054,2024-06-10,27000,Bank Transfer
PAY0052,INV0055,2024-02-15,680000,SEPA
PAY0053,INV0056,2024-05-10,290000,Bank Transfer
PAY0054,INV0057,2024-04-08,610000,SEPA
PAY0055,INV0058,2024-05-20,430000,Bank Transfer
PAY0056,INV0059,2024-02-11,310000,Bank Transfer
PAY0057,INV0060,2024-06-15,540000,SEPA
PAY0058,INV0061,2024-03-10,490000,Bank Transfer
PAY0059,INV0062,2024-04-12,720000,SEPA
PAY0060,INV0063,2024-04-20,210000,Bank Transfer
PAY0061,INV0064,2024-05-01,340000,Bank Transfer
PAY0062,INV0065,2024-03-15,270000,SEPA
PAY0063,INV0066,2024-04-25,390000,Bank Transfer
PAY0064,INV0067,2024-02-06,870000,SEPA
PAY0065,INV0069,2024-03-20,36000,Bank Transfer
PAY0066,INV0070,2024-04-25,650000,Bank Transfer
PAY0067,INV0071,2024-02-10,280000,SEPA
PAY0068,INV0072,2024-06-20,260000,Bank Transfer
PAY0069,INV0073,2024-03-01,740000,SEPA
PAY0070,INV0074,2024-04-15,810000,Bank Transfer
PAY0071,INV0075,2024-06-08,230000,Bank Transfer
PAY0072,INV0076,2024-02-20,310000,SEPA
PAY0073,INV0077,2024-06-01,9200,Bank Transfer
PAY0074,INV0078,2024-03-01,17500,Bank Transfer
PAY0075,INV0079,2024-06-15,4300,Card
PAY0076,INV0080,2024-04-03,6800,Card
PAY0077,INV0081,2024-07-05,7600,Bank Transfer
PAY0078,INV0082,2024-03-20,15400,Bank Transfer
PAY0079,INV0083,2024-04-10,12200,Bank Transfer
PAY0080,INV0084,2024-06-01,5100,Card
PAY0081,INV0085,2024-02-20,21000,Bank Transfer
PAY0082,INV0086,2024-05-10,18500,Bank Transfer
PAY0083,INV0088,2024-03-05,14200,Bank Transfer
PAY0084,INV0089,2024-06-05,4800,Card
PAY0085,INV0090,2024-02-10,9600,Bank Transfer
PAY0086,INV0091,2024-04-25,22000,Bank Transfer
PAY0087,INV0092,2024-05-15,7300,Card
PAY0088,INV0093,2024-05-10,15600,Bank Transfer
PAY0089,INV0094,2024-06-10,18400,Bank Transfer
PAY0090,INV0095,2024-04-10,5900,Card
PAY0091,INV0096,2024-02-20,8700,Bank Transfer
PAY0092,INV0097,2024-05-01,23000,Bank Transfer
PAY0093,INV0099,2024-03-10,7100,Card
PAY0094,INV0100,2024-04-20,26000,Bank Transfer
PAY0095,INV0003,2024-06-10,10000,Bank Transfer
PAY0096,INV0012,2024-04-25,200000,Bank Transfer
PAY0097,INV0025,2024-05-25,300000,SEPA
PAY0098,INV0056,2024-05-15,100000,Bank Transfer
PAY0099,INV0072,2024-06-25,100000,Bank Transfer
PAY0100,INV0093,2024-05-20,5000,Bank Transfer